{"cameraMode":{"drawMode":0,"name":"Shaded","section":"Shading Mode"},"sceneLighting":true,"audioPlay":false,"sceneViewState":{"showFog":true,"showMaterialUpdate":false,"showSkybox":true,"showFlares":true,"showImageEffects":true,"showParticleSystems":true},"in2DMode":false,"pivot":{"x":-0.6140632629394531,"y":2.939197540283203,"z":-3.1726722717285158},"rotation":{"x":0.11867087334394455,"y":0.8375486731529236,"z":-0.20124657452106477,"w":0.49389195442199709},"size":458.7573547363281,"orthographic":false}